-- phpMyAdmin SQL Dump
-- version 3.5.1
-- http://www.phpmyadmin.net
--
-- Хост: 127.0.0.1
-- Время создания: Апр 11 2024 г., 05:42
-- Версия сервера: 5.5.25
-- Версия PHP: 5.2.12

SET SQL_MODE="NO_AUTO_VALUE_ON_ZERO";
SET time_zone = "+00:00";


/*!40101 SET @OLD_CHARACTER_SET_CLIENT=@@CHARACTER_SET_CLIENT */;
/*!40101 SET @OLD_CHARACTER_SET_RESULTS=@@CHARACTER_SET_RESULTS */;
/*!40101 SET @OLD_COLLATION_CONNECTION=@@COLLATION_CONNECTION */;
/*!40101 SET NAMES utf8 */;

--
-- База данных: `airport`
--

-- --------------------------------------------------------

--
-- Структура таблицы `airlines`
--

CREATE TABLE IF NOT EXISTS `airlines` (
  `id` int(11) NOT NULL AUTO_INCREMENT,
  `name_company` varchar(35) NOT NULL,
  `owner` varchar(80) NOT NULL,
  `airport` varchar(3) NOT NULL COMMENT 'Аэропорт базирования',
  `actual_address` varchar(35) NOT NULL,
  `legal_address` varchar(35) NOT NULL,
  `FIO_gendirector` varchar(80) NOT NULL,
  `contact_person` varchar(80) NOT NULL,
  `phone` varchar(20) NOT NULL,
  `email` varchar(80) NOT NULL,
  PRIMARY KEY (`id`),
  KEY `id` (`id`)
) ENGINE=InnoDB  DEFAULT CHARSET=utf8 AUTO_INCREMENT=5 ;

--
-- Дамп данных таблицы `airlines`
--

INSERT INTO `airlines` (`id`, `name_company`, `owner`, `airport`, `actual_address`, `legal_address`, `FIO_gendirector`, `contact_person`, `phone`, `email`) VALUES
(1, 'Аэрофлот', 'Правительство РФ', 'SVO', '119002, Москва, ул. Арбат, д.10', '119019, г. Москва, вн.тер.г. Муници', 'Сергей Владимирович Александровский', 'Лобанов Сергей Иванович', '8-800-444-5555', 'airflot@mail.com'),
(2, 'Азимут', 'Ванцев Виталий Анатольевич', 'ROV', '344022, Ростовская Область, г. Рост', '344022, Ростовская Область, г. Рост', 'Екжанов Павел Александрович', 'Богомолова Елизавета Эмировна', '+7 (863) 226-00-05', 'infoavia@azimuth.aero'),
(3, 'Победа', 'Правительство РФ', 'VKO', 'Киевское ш., 22-й км, двлд. 4, стр.', 'Киевское ш., 22-й км, двлд. 4, стр.', 'Тыщук Дмитрий Иванович', 'Семенов Артём Кириллович', '+79772359972', 'feedback@pobeda.aero'),
(4, 'Utair', 'Богданов Владимир Леонидович', 'VKO', 'Ханты-Мансийский - Югра автономный ', 'Ханты-Мансийский - Югра автономный ', 'Мартиросов Андрей Зарменович', 'Анохин Иван Маркович', '+7 (495) 228-03-80', ' utaircargo@utair.ru');

-- --------------------------------------------------------

--
-- Структура таблицы `airport_ref`
--

CREATE TABLE IF NOT EXISTS `airport_ref` (
  `air_code` varchar(3) NOT NULL,
  `decoding` varchar(35) NOT NULL,
  PRIMARY KEY (`air_code`)
) ENGINE=InnoDB DEFAULT CHARSET=utf8;

--
-- Дамп данных таблицы `airport_ref`
--

INSERT INTO `airport_ref` (`air_code`, `decoding`) VALUES
('AAQ', 'Анапа (Витязево)'),
('ABA', 'Абакан'),
('BZK', 'Брянск'),
('GDX', 'Магадан (Сокол)'),
('GRV', 'Грозный (Северный)'),
('KGD', 'Калининград (Храброво)'),
('KRR', 'Краснодар'),
('ROV', 'Ростов-на-Дону'),
('SVO', 'Шереметьево'),
('VKO', 'Москва (Внуково)'),
('VOG', 'Волгоград (Гумрак)'),
('ZIA', 'Жуковский (Раменское)');

-- --------------------------------------------------------

--
-- Структура таблицы `delays`
--

CREATE TABLE IF NOT EXISTS `delays` (
  `id_flights` int(11) NOT NULL,
  `code_delay` int(11) NOT NULL,
  `describe_delay` varchar(180) DEFAULT NULL,
  `airport` varchar(20) NOT NULL COMMENT 'По вине какого аэропорта произошла задержка',
  PRIMARY KEY (`id_flights`),
  KEY `code_delay` (`code_delay`)
) ENGINE=InnoDB DEFAULT CHARSET=utf8;

--
-- СВЯЗИ ТАБЛИЦЫ `delays`:
--   `code_delay`
--       `delay_ref` -> `code_delay`
--   `id_flights`
--       `flight_control` -> `id`
--

--
-- Дамп данных таблицы `delays`
--

INSERT INTO `delays` (`id_flights`, `code_delay`, `describe_delay`, `airport`) VALUES
(6, 88, NULL, 'Выпускающий'),
(11, 45, NULL, 'Принимающий'),
(13, 21, NULL, 'Выпускающий'),
(21, 69, NULL, 'Принимающий'),
(25, 14, NULL, 'Выпускающий'),
(27, 67, NULL, 'Принимающий'),
(28, 35, NULL, 'Выпускающий'),
(32, 86, NULL, 'Принимающий'),
(39, 77, NULL, 'Выпускающий'),
(40, 52, NULL, 'Принимающий'),
(49, 14, NULL, 'Выпускающий'),
(60, 52, NULL, 'Принимающий'),
(61, 52, NULL, 'Принимающий'),
(63, 28, NULL, 'Выпускающий'),
(64, 68, NULL, 'Принимающий'),
(65, 88, NULL, 'Принимающий'),
(69, 34, NULL, 'Принимающий'),
(71, 56, NULL, 'Принимающий'),
(80, 73, NULL, 'Выпускающий'),
(81, 16, NULL, 'Принимающий'),
(83, 64, NULL, 'Выпускающий'),
(85, 64, NULL, 'Принимающий'),
(89, 36, NULL, 'Выпускающий'),
(91, 81, NULL, 'Выпускающий'),
(93, 21, NULL, 'Выпускающий'),
(94, 11, NULL, 'Выпускающий'),
(97, 86, NULL, 'Выпускающий'),
(98, 39, NULL, 'Принимающий'),
(102, 81, NULL, 'Принимающий'),
(103, 91, NULL, 'Выпускающий'),
(105, 52, NULL, 'Принимающий'),
(107, 11, NULL, 'Принимающий'),
(108, 43, NULL, 'Принимающий'),
(110, 97, NULL, 'Принимающий'),
(116, 27, NULL, 'Выпускающий'),
(119, 14, NULL, 'Выпускающий'),
(121, 48, NULL, 'Выпускающий'),
(125, 57, NULL, 'Принимающий'),
(129, 99, NULL, 'Принимающий'),
(132, 29, NULL, 'Выпускающий'),
(133, 33, NULL, 'Выпускающий'),
(138, 38, NULL, 'Выпускающий'),
(139, 34, NULL, 'Выпускающий'),
(140, 89, NULL, 'Выпускающий'),
(141, 16, NULL, 'Выпускающий'),
(146, 85, NULL, 'Принимающий'),
(148, 76, NULL, 'Принимающий'),
(149, 26, NULL, 'Принимающий'),
(150, 52, NULL, 'Принимающий'),
(152, 45, NULL, 'Выпускающий'),
(155, 27, NULL, 'Выпускающий'),
(156, 28, NULL, 'Выпускающий'),
(159, 16, NULL, 'Принимающий'),
(166, 73, NULL, 'Принимающий'),
(168, 25, NULL, 'Принимающий'),
(169, 52, NULL, 'Принимающий'),
(171, 69, NULL, 'Принимающий'),
(177, 12, NULL, 'Принимающий'),
(184, 28, NULL, 'Выпускающий'),
(187, 85, NULL, 'Принимающий'),
(188, 14, NULL, 'Выпускающий'),
(189, 29, NULL, 'Принимающий'),
(196, 36, NULL, 'Принимающий'),
(197, 13, NULL, 'Принимающий'),
(209, 75, NULL, 'Принимающий'),
(213, 39, NULL, 'Выпускающий'),
(217, 31, NULL, 'Выпускающий'),
(219, 45, NULL, 'Принимающий'),
(220, 82, NULL, 'Принимающий'),
(221, 17, NULL, 'Принимающий'),
(222, 65, NULL, 'Принимающий'),
(225, 42, NULL, 'Принимающий'),
(226, 11, NULL, 'Принимающий'),
(227, 17, NULL, 'Выпускающий'),
(230, 86, NULL, 'Принимающий'),
(243, 58, NULL, 'Принимающий'),
(245, 12, NULL, 'Выпускающий'),
(252, 83, NULL, 'Принимающий'),
(256, 64, NULL, 'Принимающий'),
(257, 33, NULL, 'Выпускающий'),
(259, 46, NULL, 'Принимающий'),
(260, 94, NULL, 'Выпускающий'),
(263, 16, NULL, 'Принимающий'),
(265, 69, NULL, 'Выпускающий'),
(267, 66, NULL, 'Принимающий'),
(279, 13, NULL, 'Выпускающий'),
(280, 57, NULL, 'Выпускающий'),
(282, 34, NULL, 'Принимающий'),
(292, 61, NULL, 'Выпускающий'),
(294, 47, NULL, 'Принимающий'),
(295, 37, NULL, 'Выпускающий'),
(298, 87, NULL, 'Выпускающий'),
(299, 21, NULL, 'Принимающий'),
(306, 35, NULL, 'Принимающий'),
(309, 23, NULL, 'Выпускающий'),
(311, 23, NULL, 'Принимающий'),
(317, 42, NULL, 'Выпускающий'),
(323, 13, NULL, 'Выпускающий'),
(327, 85, NULL, 'Выпускающий'),
(330, 37, NULL, 'Выпускающий'),
(331, 26, NULL, 'Выпускающий'),
(336, 46, NULL, 'Выпускающий'),
(340, 41, NULL, 'Принимающий'),
(343, 76, NULL, 'Принимающий'),
(347, 67, NULL, 'Принимающий');

--
-- Триггеры `delays`
--
DROP TRIGGER IF EXISTS `CheckDelayCode`;
DELIMITER //
CREATE TRIGGER `CheckDelayCode` BEFORE INSERT ON `delays`
 FOR EACH ROW IF (NEW.code_delay NOT IN (SELECT code_delay FROM delay_ref)) THEN
    SIGNAL SQLSTATE '45000';
END IF
//
DELIMITER ;

-- --------------------------------------------------------

--
-- Структура таблицы `delay_ref`
--

CREATE TABLE IF NOT EXISTS `delay_ref` (
  `code_delay` int(11) NOT NULL,
  `decoding` varchar(180) NOT NULL,
  PRIMARY KEY (`code_delay`)
) ENGINE=InnoDB DEFAULT CHARSET=utf8;

--
-- Дамп данных таблицы `delay_ref`
--

INSERT INTO `delay_ref` (`code_delay`, `decoding`) VALUES
(11, 'Поздняя регистрация, прием пассажиров после крайнего срока'),
(12, 'Поздняя регистрация, скопление людей в зоне регистрации'),
(13, 'Ошибка регистрации'),
(14, 'Перепродажи, ошибки бронирования'),
(15, 'Посадка, расхождения и подкачка сообщений, отсутствие зарегистрированного пассажира у выхода'),
(16, 'Коммерческая реклама, удобство для пассажиров, VIP, пресса, наземное питание и пропавшие личные вещи'),
(17, 'Заказ на кейтеринг, поздний или неправильный заказ, отданный поставщику'),
(18, 'Обработка багажа, сортировка и т.д.'),
(19, 'Ограниченная мобильность, посадка / высадка пассажиров с ограниченной подвижностью'),
(21, 'Документация, ошибки и т.д.'),
(22, 'Позднее позиционирование'),
(23, 'Несвоевременное принятие'),
(24, 'Неадекватная упаковка'),
(25, 'Перепродажи, ошибки бронирования'),
(26, 'Поздняя подготовка на складе'),
(27, 'Перепродажи по почте, упаковка и т.д.'),
(28, 'Позднее отправление почты'),
(29, 'Прием с опозданием по почте'),
(31, 'Задержка или неточность документации на воздушное судно, вес и балансировка (Loadsheet), общая декларация, пассажирский манифест и т.д.'),
(32, 'Погрузка, разгрузка, громоздкий / специальный груз, нагрузка в салоне, нехватка обслуживающего персонала'),
(33, 'Погрузочное оборудование, отсутствие или поломка, например, контейнерный погрузчик для поддонов, нехватка персонала'),
(34, 'Оборудование для обслуживания, отсутствие или поломка, нехватка персонала, например, шаги'),
(35, 'Уборка воздушного судна'),
(36, 'Заправка, разливка, поставщик топлива'),
(37, 'Кейтеринг, поздняя доставка или погрузка'),
(38, 'ULD, контейнеры, поддоны, отсутствие или поломка'),
(39, 'Техническое оборудование, отсутствие или поломка, нехватка персонала, например, откат'),
(41, 'Дефекты воздушного судна'),
(42, 'Плановое техническое обслуживание, поздний выпуск'),
(43, 'Внеплановое техническое обслуживание, специальные проверки и / или дополнительные работы, выходящие за рамки обычного технического обслуживания'),
(44, 'Запасные части и оборудование для технического обслуживания, отсутствие или поломка'),
(45, 'AOG (Воздушное судно находится на земле по техническим причинам) Запасные части, подлежащие перевозке на другую станцию'),
(46, 'Смена самолета по техническим причинам'),
(47, 'Резервный самолет, отсутствие запланированного резервного самолета по техническим причинам'),
(48, 'Запланированная настройка салона и настройка версии'),
(51, 'Повреждения во время полета, удар птицы или молнии, турбулентность, тяжелая посадка с избыточным весом'),
(52, 'Повреждения во время наземных операций, столкновения (кроме руления), повреждения при погрузке / разгрузке, загрязнение, буксировка, экстремальные погодные условия.'),
(55, 'Система контроля вылета, регистрация, контроль веса и баланса (loadcontrol), ошибка компьютерной системы, сортировка багажа, ошибка считывателя на выходе или проблемы'),
(56, 'Система подготовки груза / документации'),
(57, 'Планы рейсов'),
(58, 'Другие компьютерные системы'),
(61, 'План полета, позднее завершение или изменение полетной документации'),
(62, 'Эксплуатационные требования, топливо, изменение нагрузки'),
(63, 'Процедуры посадки или отправления позднего экипажа'),
(64, 'Нехватка экипажа на летной палубе, отдых экипажа'),
(65, 'Специальный запрос экипажа летной палубы или ошибка, не соответствующая эксплуатационным требованиям'),
(66, 'Опоздание бортпроводников на посадку или вылет'),
(67, 'Нехватка бортпроводников'),
(68, 'Ошибка бортпроводника или особый запрос'),
(69, 'Запрос капитана на проверку безопасности, внеочередная'),
(71, 'Станция отправления'),
(72, 'Станция назначения'),
(73, 'В пути или альтернативный'),
(75, 'Противообледенение воздушных судов, удаление льда / снега, предотвращение замерзания'),
(76, 'Уборка снега / льда / воды / песка с территории аэропорта / взлетно-посадочной полосы'),
(77, 'Наземное обслуживание ухудшается из-за неблагоприятных погодных условий'),
(81, 'ограничение УВД по маршруту или пропускной способности'),
(82, 'ограничение УВД из-за нехватки персонала или отказа оборудования в пути'),
(83, 'ограничение УВД в пункте назначения'),
(84, 'ограничение УВД из-за погоды в пункте назначения'),
(85, 'Обязательная безопасность'),
(86, 'Иммиграция, Таможня, Здравоохранение'),
(87, 'Объекты аэропорта, автостоянки, перегруженность трапов, здания, ограничения выхода на посадку'),
(88, 'Ограничения в аэропорту назначения, аэропорт / взлетно-посадочная полоса закрыты из-за препятствий, забастовки, нехватки персонала, политических волнений, снижения шума, ночного ко'),
(89, 'Ограничения в аэропорту вылета, аэропорт / взлетно-посадочная полоса закрыты из-за препятствий, забастовки, нехватки персонала, политических волнений, снижения шума, ночного коменд'),
(91, 'Пассажир или груз стыковки, ожидающий груз или пассажиров с другого рейса. Защита застрявших пассажиров на новом рейсе.'),
(92, 'из-за ошибки регистрации, пассажира и багажа'),
(93, 'ротация воздушного судна, позднее прибытие воздушного судна с другого рейса или из предыдущего сектора'),
(94, 'Ротация бортпроводников'),
(95, 'ротация экипажа, ожидание экипажа с другого рейса (полетной палубы или всего экипажа)'),
(96, 'Контроль операций, изменение маршрута, перенаправление, консолидация, смена воздушного судна по причинам, отличным от технических'),
(97, 'Забастовка в собственной авиакомпании'),
(98, 'Забастовка за пределами собственной авиакомпании, за исключением ATS'),
(99, 'Разное, нигде не указано');

-- --------------------------------------------------------

--
-- Структура таблицы `employees`
--

CREATE TABLE IF NOT EXISTS `employees` (
  `pers_num` int(11) NOT NULL AUTO_INCREMENT,
  `last_name` varchar(30) NOT NULL,
  `first_name` varchar(30) NOT NULL,
  `father_name` varchar(30) NOT NULL,
  `dob` date NOT NULL COMMENT 'дата рождения',
  `sex` varchar(1) NOT NULL,
  `education` varchar(100) NOT NULL,
  `phone` varchar(20) NOT NULL,
  `corps` varchar(20) NOT NULL COMMENT 'тип службы',
  `job` varchar(11) NOT NULL COMMENT 'должность',
  `passport` varchar(11) NOT NULL COMMENT 'серия и номер',
  `passport_date` date NOT NULL COMMENT 'дата выдачи',
  `passport_inst` varchar(100) NOT NULL COMMENT 'кем выдан',
  PRIMARY KEY (`pers_num`),
  UNIQUE KEY `passport` (`passport`)
) ENGINE=InnoDB  DEFAULT CHARSET=utf8 AUTO_INCREMENT=101 ;

--
-- Дамп данных таблицы `employees`
--

INSERT INTO `employees` (`pers_num`, `last_name`, `first_name`, `father_name`, `dob`, `sex`, `education`, `phone`, `corps`, `job`, `passport`, `passport_date`, `passport_inst`) VALUES
(1, 'Боголепова', 'Пелагея', 'Наумовна', '1966-03-11', 'W', 'Среднее', '+79586246199', 'обслуживания', 'Авиакассир', '4556 818972', '2014-11-21', 'Управление внутренних дел по г. Волжский'),
(2, 'Шадрин', 'Павел', 'Ростиславович', '1975-09-21', 'M', 'Высшее', '+79536085166', 'обслуживания', 'Специалист', '4224 263009', '2021-04-01', 'Отделением УФМС России в г. Хасавюрт'),
(3, 'Камбаров', 'Василий', 'Макарович', '1991-06-04', 'M', 'Высшее', '+79023297258', 'наземная', 'Диспетчер', '4970 131759', '2019-06-30', 'Отделением УФМС России по г. Улан-Удэ'),
(4, 'Арсеньев', 'Игнат', 'Константинович', '1966-09-19', 'M', 'Среднее', '+79701986439', 'обслуживания', 'Специалист', '4335 799567', '2017-01-04', 'Отделением УФМС России по г. Дербент'),
(5, 'Просвирякова', 'Кира', 'Алексеевна', '1982-08-21', 'W', 'Высшее', '+79959946148', 'наземная', 'Диспетчер', '4374 713130', '2014-04-16', 'ОВД России по г. Архангельск'),
(6, 'Суркова', 'Наталия', 'Никандровна', '1964-12-07', 'W', 'Высшее', '+79029583265', 'обслуживания', 'Инспектор', '4362 162573', '2023-03-27', 'Отделом УФМС России по г. Южно-Сахалинск'),
(7, 'Пыстогов', 'Антон', 'Федорович', '1955-05-17', 'M', 'Среднее', '+79010841958', 'обслуживания', 'Специалист', '4872 961381', '2018-03-29', 'ОУФМС России по г. Железногорск'),
(8, 'Стрелков', 'Геннадий', 'Яковеевичевич', '1933-10-07', 'M', 'Высшее', '+79585356591', 'наземная', 'Специалист ', '4592 175800', '2014-03-23', 'Отделом УФМС России по г. Санкт-Петербург'),
(9, 'Кулика', 'Ирина', 'Ильиновна', '1979-06-06', 'W', 'Среднее', '+79913401949', 'наземная', 'Механик', '4857 730790', '2020-09-07', 'Отделением УФМС России по г. Майкоп'),
(10, 'Картавый', 'Петр', 'Филиппович', '1960-01-21', 'M', 'Высшее', '+79016394479', 'обслуживания', 'Носильщик', '4833 930987', '2017-02-17', 'ОВД России по г. Муром'),
(11, 'Зиновьева', 'Всеслав', 'Валериевна', '1981-07-07', 'M', 'Высшее', '+79735554032', 'наземная', 'Инженер', '5950 386814', '1999-12-15', 'Отделением УФМС России по клх Юрьев-Польский'),
(12, 'Архипова', 'Радован', 'Захаровна', '2002-03-14', 'W', 'Среднее', '+71892508837', 'обслуживания', 'Багажник', '0755 700135', '2023-05-21', 'Отделением УФМС России по д. Черкесск'),
(13, 'Ситникова', 'Гедеон', 'Ефремович', '1986-01-11', 'W', 'Среднее', '+71203168209', 'обслуживания', 'Техник-меха', '9350 447381', '2004-02-04', 'Отделением УФМС России по к. Нязепетровск'),
(14, 'Фадеев', 'Арсений', 'Герасимович', '1985-07-22', 'W', 'Среднее', '+71240188083', 'обслуживания', 'Авиакассир', '0534 979913', '2011-10-29', 'Отделением УФМС России по п. Енисейск'),
(15, 'Петухов', 'Прохор', 'Артемовна', '1971-04-25', 'W', 'Высшее', '+79079624203', 'наземная', 'Оператор ра', '6438 632791', '2008-09-18', 'Отделением УФМС России по д. Юрьев-Польский'),
(16, 'Муравьева', 'Богдан', 'Харлампович', '1963-11-07', 'M', 'Высшее', '+79196556025', 'обслуживания', 'Авиакассир', '1010 180967', '1997-10-07', 'Отделением УФМС России по с. Иваново'),
(17, 'Колесников', 'Каллистрат', 'Матвеевна', '1973-11-17', 'M', 'Среднее', '+75917960599', 'обслуживания', 'Багажник', '3202 852845', '2002-12-17', 'Отделением УФМС России по с. Домодедово'),
(18, 'Мишина', 'Константин', 'Яковлевич', '1992-10-18', 'W', 'Среднее', '+76297796996', 'обслуживания', 'Техник по п', '5970 357209', '2016-09-08', 'Отделением УФМС России по к. Ачхой Мартан'),
(19, 'Филатов', 'Назар', 'Андреевна', '1998-08-19', 'M', 'Высшее', '+71622885484', 'обслуживания', 'Багажник', '7095 723836', '2016-10-11', 'Отделением УФМС России по г. Карабудахкент'),
(20, 'Шестакова', 'Михей', 'Олеговна', '1990-07-28', 'M', 'Высшее', '+71495296139', 'наземная', 'Охранник', '3995 713783', '2012-10-25', 'Отделением УФМС России по ст. Кущевская'),
(21, 'Гущина', 'Юлия', 'Федосеевич', '1996-05-28', 'M', 'Среднее', '+77438969410', 'обслуживания', 'Специалист ', '3799 986500', '2016-11-06', 'Отделением УФМС России по г. Сладково'),
(22, 'Чернов', 'Автоном', 'Федотович', '1996-08-29', 'W', 'Среднее', '+78906917765', 'обслуживания', 'Багажник', '5372 409482', '2016-10-05', 'Отделением УФМС России по клх Тихвин'),
(23, 'Шестакова', 'Вышеслав', 'Леоновна', '1966-10-03', 'M', 'Среднее', '+75449685774', 'наземная', 'Инженер', '2647 074578', '2022-05-03', 'Отделением УФМС России по клх Октябрьское (Челяб.)'),
(24, 'Мельников', 'Творимир', 'Ерофеевич', '2003-09-18', 'W', 'Среднее', '+78482447008', 'обслуживания', 'Авиакассир', '5552 477252', '2023-06-05', 'Отделением УФМС России по к. Октябрьское (Хант.)'),
(25, 'Орлова', 'Флорентин', 'Мироновна', '1966-04-27', 'M', 'Высшее', '+77601038365', 'обслуживания', 'Техник-меха', '9191 462586', '1996-01-01', 'Отделением УФМС России по п. Слюдянка'),
(26, 'Орехова', 'Лариса', 'Иосифович', '1985-01-09', 'W', 'Высшее', '+79951068259', 'обслуживания', 'Специалист ', '2841 109200', '2004-02-13', 'Отделением УФМС России по с. Арзамас'),
(27, 'Корнилов', 'Кир', 'Евгеньевна', '1999-08-08', 'W', 'Среднее', '+74095853196', 'наземная', 'Охранник', '2123 471664', '2023-07-07', 'Отделением УФМС России по с. Нижнеудинск'),
(28, 'Григорьева', 'Гремислав', 'Рубеновна', '1989-03-27', 'M', 'Высшее', '+79357225167', 'обслуживания', 'Специалист ', '1040 417934', '2020-02-05', 'Отделением УФМС России по с. Выборг'),
(29, 'Быков', 'Наталья', 'Ааронович', '1965-02-09', 'W', 'Среднее', '+73109746109', 'обслуживания', 'Техник-меха', '2376 320173', '1983-11-22', 'Отделением УФМС России по п. Неплюевка'),
(30, 'Муравьев', 'Евграф', 'Тарасович', '1991-05-26', 'W', 'Высшее', '+71434202980', 'обслуживания', 'Специалист ', '0944 691330', '2018-02-11', 'Отделением УФМС России по к. Лысьва'),
(31, 'Иванова', 'Зиновий', 'Ефимовна', '1966-12-15', 'W', 'Среднее', '+74961164562', 'обслуживания', 'Специалист ', '5199 427335', '2020-09-02', 'Отделением УФМС России по п. Мичуринск'),
(32, 'Овчинникова', 'Иосиф', 'Робертовна', '1994-10-22', 'W', 'Высшее', '+72094865239', 'наземная', 'Оператор ра', '7137 488108', '2012-11-13', 'Отделением УФМС России по п. Сосногорск'),
(33, 'Копылова', 'Роман', 'Давидович', '1998-12-29', 'M', 'Среднее', '+71788197742', 'обслуживания', 'Техник-меха', '6790 775391', '2018-11-11', 'Отделением УФМС России по п. Тихвин'),
(34, 'Нестерова', 'Фока', 'Терентьевич', '1963-09-21', 'M', 'Высшее', '+77543580693', 'обслуживания', 'Специалист ', '9356 089466', '2009-09-16', 'Отделением УФМС России по г. Ногинск (Моск.)'),
(35, 'Зиновьева', 'Карл', 'Максимовна', '2002-01-19', 'M', 'Высшее', '+74000317503', 'наземная', 'Механик', '7490 909351', '2022-02-28', 'Отделением УФМС России по с. Джейрах'),
(36, 'Зуева', 'Гаврила', 'Станиславовна', '2002-07-23', 'W', 'Высшее', '+79659439727', 'обслуживания', 'Багажник', '1551 595098', '2022-01-28', 'Отделением УФМС России по г. Югорск'),
(37, 'Терентьева', 'Вячеслав', 'Васильевна', '1966-06-08', 'M', 'Высшее', '+73732360775', 'обслуживания', 'Техник по п', '8330 722813', '2005-06-30', 'Отделением УФМС России по клх Кижи'),
(38, 'Иванова', 'Станислав', 'Вадимовна', '2003-11-17', 'W', 'Высшее', '+74258950008', 'наземная', 'Механик', '3781 361542', '2022-02-25', 'Отделением УФМС России по с. Неплюевка'),
(39, 'Павлов', 'Татьяна', 'Августович', '1975-09-19', 'W', 'Высшее', '+78950160615', 'обслуживания', 'Специалист ', '0638 548646', '1995-07-04', 'Отделением УФМС России по клх Тикси'),
(40, 'Кудрявцев', 'Мефодий', 'Ермолаевич', '1983-01-02', 'M', 'Высшее', '+79640539366', 'обслуживания', 'Техник-меха', '9819 867231', '2011-08-16', 'Отделением УФМС России по ст. Серпухов'),
(41, 'Смирнов', 'Ярополк', 'Демьянович', '1988-09-18', 'M', 'Среднее', '+78316865326', 'обслуживания', 'Техник по п', '6403 275371', '2014-11-19', 'Отделением УФМС России по к. Цимлянск'),
(42, 'Козлов', 'Януарий', 'Дмитриевич', '2000-03-21', 'M', 'Среднее', '+73527412502', 'наземная', 'Специалист ', '9641 360603', '2020-01-30', 'Отделением УФМС России по п. Всеволожск'),
(43, 'Никифорова', 'Евгения', 'Ефимовна', '1972-10-05', 'M', 'Высшее', '+71866955900', 'наземная', 'Инженер', '4270 171688', '1999-09-08', 'Отделением УФМС России по д. Красноуральск'),
(44, 'Ермаков', 'Тамара', 'Витальевич', '1975-07-04', 'W', 'Среднее', '+78204576261', 'наземная', 'Оператор ра', '7817 526268', '2019-06-23', 'Отделением УФМС России по ст. Ханты-Мансийск'),
(45, 'Ефимова', 'Боян', 'Дорофеевич', '1995-11-13', 'W', 'Среднее', '+75764064188', 'обслуживания', 'Специалист ', '2562 929396', '2017-05-27', 'Отделением УФМС России по клх Оймякон'),
(46, 'Жуков', 'Александр', 'Юлианович', '1999-03-28', 'M', 'Среднее', '+74312243476', 'наземная', 'Охранник', '0031 405717', '2024-01-01', 'Отделением УФМС России по с. Лесной (Сверд.)'),
(47, 'Белова', 'Остромир', 'Фомич', '1992-12-24', 'W', 'Среднее', '+72299839537', 'обслуживания', 'Специалист ', '6598 790817', '2018-03-05', 'Отделением УФМС России по к. Усть-Калманка'),
(48, 'Кабанов', 'Станимир', 'Петровна', '1968-07-11', 'W', 'Среднее', '+78422375147', 'обслуживания', 'Авиакассир', '4889 788346', '1993-06-16', 'Отделением УФМС России по с. Новая Игирма'),
(49, 'Кудрявцева', 'Любосмысл', 'Артурович', '1988-12-14', 'M', 'Среднее', '+74150276870', 'обслуживания', 'Техник по п', '9408 601670', '2021-09-18', 'Отделением УФМС России по к. Липецк'),
(50, 'Мамонтов', 'Фока', 'Даниилович', '1964-04-23', 'W', 'Среднее', '+76021083512', 'обслуживания', 'Техник по п', '4893 437847', '2002-08-19', 'Отделением УФМС России по д. Андреаполь'),
(51, 'Лихачев', 'Станислав', 'Гавриилович', '1988-02-24', 'M', 'Среднее', '+77769437543', 'обслуживания', 'Багажник', '1440 268433', '2014-11-07', 'Отделением УФМС России по с. Камышин'),
(52, 'Белозерова', 'Майя', 'Аверьянович', '1969-02-07', 'W', 'Высшее', '+77190701594', 'наземная', 'Охранник', '2272 254977', '2007-10-29', 'Отделением УФМС России по г. Ростов'),
(53, 'Сидорова', 'Матвей', 'Романовна', '2000-11-10', 'W', 'Высшее', '+73736987276', 'обслуживания', 'Авиакассир', '2167 943580', '2023-01-27', 'Отделением УФМС России по г. Соболево'),
(54, 'Копылов', 'Иосиф', 'Филипповна', '1998-08-01', 'W', 'Среднее', '+71812866511', 'обслуживания', 'Специалист ', '7180 382340', '2020-03-15', 'Отделением УФМС России по г. Усть-Баргузин'),
(55, 'Фомин', 'Ярополк', 'Дорофеевич', '1988-01-24', 'W', 'Среднее', '+72440259031', 'наземная', 'Диспетчер', '5762 260160', '2012-08-29', 'Отделением УФМС России по клх Буйнакск'),
(56, 'Осипов', 'Остап', 'Ниловна', '1983-08-30', 'W', 'Высшее', '+79521040623', 'наземная', 'Специалист ', '9732 088026', '2008-07-02', 'Отделением УФМС России по д. Бомнак'),
(57, 'Федосеева', 'Феврония', 'Юлианович', '1988-11-19', 'W', 'Среднее', '+72519749837', 'наземная', 'Оператор ра', '2603 510520', '2013-06-05', 'Отделением УФМС России по к. Амурск'),
(58, 'Хохлова', 'Юлиан', 'Зиновьевич', '2001-12-05', 'W', 'Высшее', '+71282057907', 'обслуживания', 'Авиакассир', '4634 708433', '2021-05-25', 'Отделением УФМС России по п. Красноуфимск'),
(59, 'Соловьева', 'Варлаам', 'Елисеевич', '1966-04-14', 'W', 'Высшее', '+78209149810', 'обслуживания', 'Специалист ', '5067 784439', '2006-04-17', 'Отделением УФМС России по с. Пермь'),
(60, 'Мишина', 'Лидия', 'Александровна', '1990-03-26', 'W', 'Высшее', '+76267381323', 'наземная', 'Охранник', '7011 677372', '2015-12-03', 'Отделением УФМС России по к. Батайск'),
(61, 'Куликов', 'Елизавета', 'Германович', '1992-02-13', 'M', 'Среднее', '+71091251914', 'обслуживания', 'Специалист ', '2434 912192', '2014-02-05', 'Отделением УФМС России по г. Усть-Катав'),
(62, 'Сысоева', 'Август', 'Вадимовна', '1990-04-20', 'M', 'Среднее', '+76342026049', 'обслуживания', 'Техник по п', '0470 688009', '2015-09-16', 'Отделением УФМС России по клх Нефтеюганск'),
(63, 'Константинов', 'Денис', 'Артемовна', '1990-06-05', 'M', 'Среднее', '+71716787306', 'обслуживания', 'Специалист ', '6816 236409', '2020-07-14', 'Отделением УФМС России по п. Уссурийск'),
(64, 'Козлов', 'Агафон', 'Богданович', '1966-01-06', 'M', 'Высшее', '+74895079325', 'наземная', 'Погрузчик', '1128 966550', '1987-05-19', 'Отделением УФМС России по ст. Орск'),
(65, 'Евдокимов', 'Ирина', 'Харлампович', '1999-04-11', 'W', 'Высшее', '+72647764009', 'наземная', 'Инженер', '9420 142181', '2021-08-28', 'Отделением УФМС России по ст. Пенза'),
(66, 'Константинов', 'Юлиан', 'Ильич', '1984-12-10', 'W', 'Высшее', '+73046914799', 'обслуживания', 'Специалист ', '6117 428219', '2018-11-10', 'Отделением УФМС России по клх Усть-Ордынский'),
(67, 'Ширяева', 'Парфен', 'Фролович', '1981-10-29', 'M', 'Среднее', '+74604485703', 'наземная', 'Охранник', '2830 093142', '2009-08-20', 'Отделением УФМС России по клх Углич'),
(68, 'Шилова', 'Исай', 'Ярославович', '1980-09-14', 'M', 'Среднее', '+78133179151', 'наземная', 'Охранник', '9294 892661', '2009-06-13', 'Отделением УФМС России по к. Добрянка'),
(69, 'Комаров', 'Клавдия', 'Святославовна', '1989-03-05', 'M', 'Среднее', '+75254452885', 'наземная', 'Оператор ра', '5756 777707', '2014-05-09', 'Отделением УФМС России по п. Дмитров'),
(70, 'Жданова', 'Ферапонт', 'Наумовна', '1994-12-09', 'M', 'Среднее', '+71084144676', 'обслуживания', 'Авиакассир', '2569 222625', '2017-04-25', 'Отделением УФМС России по г. Усмань'),
(71, 'Гущина', 'Фадей', 'Елисеевич', '1990-04-05', 'W', 'Высшее', '+75105636713', 'обслуживания', 'Техник-меха', '3937 413781', '2014-08-20', 'Отделением УФМС России по с. Северобайкальск'),
(72, 'Моисеев', 'Мария', 'Абрамович', '1966-07-30', 'M', 'Высшее', '+78268411406', 'обслуживания', 'Авиакассир', '0801 642614', '2017-02-20', 'Отделением УФМС России по г. Баргузин'),
(73, 'Щербаков', 'Агата', 'Авдеевич', '1977-04-26', 'W', 'Высшее', '+79505940937', 'наземная', 'Механик', '8219 135213', '1997-05-12', 'Отделением УФМС России по д. Кондопога'),
(74, 'Шестаков', 'Гаврила', 'Юрьевна', '1993-07-25', 'W', 'Среднее', '+75522483052', 'наземная', 'Охранник', '6212 222678', '2021-04-28', 'Отделением УФМС России по с. Цимлянск'),
(75, 'Тетерин', 'Олимпиада', 'Харлампьевич', '2001-10-23', 'M', 'Высшее', '+78212458502', 'наземная', 'Диспетчер', '0110 708978', '2022-08-09', 'Отделением УФМС России по п. Уэлен'),
(76, 'Харитонов', 'Спартак', 'Кузьминична', '1981-02-06', 'M', 'Высшее', '+77669530792', 'обслуживания', 'Багажник', '0731 397087', '2018-10-04', 'Отделением УФМС России по ст. Качканар'),
(77, 'Кононова', 'Виталий', 'Артурович', '1985-12-08', 'M', 'Среднее', '+78381463944', 'наземная', 'Механик', '8960 759257', '2018-06-17', 'Отделением УФМС России по д. Черусти'),
(78, 'Федосеева', 'Фёкла', 'Бориславович', '1976-06-12', 'W', 'Среднее', '+78559673691', 'наземная', 'Специалист ', '2172 389126', '2001-01-17', 'Отделением УФМС России по п. Волоколамск'),
(79, 'Панфилова', 'Клавдий', 'Егоровна', '1980-09-16', 'M', 'Высшее', '+76847053778', 'наземная', 'Погрузчик', '8068 808240', '2018-07-25', 'Отделением УФМС России по п. Троицк (Челяб.)'),
(80, 'Крюков', 'Маргарита', 'Феликсовна', '1972-07-16', 'M', 'Высшее', '+78747960662', 'обслуживания', 'Техник по п', '9488 713317', '1996-01-04', 'Отделением УФМС России по п. Нефтекамск'),
(81, 'Громов', 'Афанасий', 'Афанасьевич', '1971-02-05', 'W', 'Среднее', '+79576261792', 'обслуживания', 'Багажник', '5494 878543', '1992-05-03', 'Отделением УФМС России по ст. Витим'),
(82, 'Панов', 'Денис', 'Ильясович', '1988-01-04', 'M', 'Высшее', '+76912513222', 'наземная', 'Инженер', '6263 380554', '2007-04-29', 'Отделением УФМС России по клх Дно'),
(83, 'Беляева', 'Игнатий', 'Ниловна', '1967-04-30', 'W', 'Среднее', '+71701546520', 'наземная', 'Погрузчик', '7647 938538', '2006-06-01', 'Отделением УФМС России по с. Александров'),
(84, 'Костин', 'Фока', 'Эльдаровна', '1981-04-21', 'M', 'Высшее', '+71098468742', 'обслуживания', 'Авиакассир', '7515 447224', '2017-06-04', 'Отделением УФМС России по к. Валаам'),
(85, 'Симонова', 'Майя', 'Устинович', '1990-02-12', 'M', 'Высшее', '+77501294567', 'обслуживания', 'Специалист ', '5998 863998', '2016-07-08', 'Отделением УФМС России по ст. Зеленоград'),
(86, 'Большаков', 'Олимпий', 'Геннадьевна', '1982-09-21', 'M', 'Среднее', '+72487928167', 'обслуживания', 'Техник по п', '9403 165178', '2010-06-17', 'Отделением УФМС России по п. Буденновск'),
(87, 'Исаева', 'Прохор', 'Гавриилович', '1980-12-30', 'M', 'Высшее', '+71831089753', 'обслуживания', 'Авиакассир', '9706 028771', '2001-06-22', 'Отделением УФМС России по клх Соловки'),
(88, 'Агафонов', 'Агата', 'Евстигнеевич', '1977-02-11', 'W', 'Высшее', '+73215728458', 'наземная', 'Охранник', '2274 729019', '1998-12-22', 'Отделением УФМС России по д. Лысьва'),
(89, 'Агафонова', 'Аскольд', 'Валерьянович', '1984-08-13', 'M', 'Среднее', '+73750792291', 'обслуживания', 'Специалист ', '9170 472172', '2017-06-20', 'Отделением УФМС России по ст. Ельня'),
(90, 'Орлов', 'Владлен', 'Афанасьевна', '2001-12-08', 'M', 'Среднее', '+73470128505', 'наземная', 'Погрузчик', '1239 226624', '2022-03-20', 'Отделением УФМС России по г. Елец'),
(91, 'Лукин', 'Устин', 'Ильинична', '1968-05-01', 'M', 'Высшее', '+72902931789', 'наземная', 'Инженер', '8800 311945', '2002-05-05', 'Отделением УФМС России по г. Котлас'),
(92, 'Комаров', 'Тарас', 'Яковлевич', '2001-10-07', 'W', 'Высшее', '+75686483610', 'обслуживания', 'Специалист ', '1873 883112', '2021-06-26', 'Отделением УФМС России по д. Верхнее Пенжино'),
(93, 'Мухина', 'Филипп', 'Филатович', '1965-07-25', 'M', 'Среднее', '+79024815781', 'наземная', 'Погрузчик', '7095 686858', '2022-08-05', 'Отделением УФМС России по п. Канск'),
(94, 'Рябова', 'Карл', 'Антипович', '1987-12-26', 'W', 'Среднее', '+75413260092', 'наземная', 'Инженер', '1428 872331', '2021-06-23', 'Отделением УФМС России по с. Гудермес'),
(95, 'Назаров', 'Аверьян', 'Харлампович', '1991-08-27', 'W', 'Среднее', '+72433034737', 'обслуживания', 'Техник по п', '9842 994533', '2023-06-25', 'Отделением УФМС России по д. Гдов'),
(96, 'Игнатьев', 'Ким', 'Устинович', '1964-01-27', 'M', 'Высшее', '+72104244346', 'наземная', 'Специалист ', '5037 949185', '2001-09-25', 'Отделением УФМС России по к. Туруханск'),
(97, 'Копылов', 'Федот', 'Никифоровна', '1994-09-05', 'M', 'Среднее', '+79261963922', 'наземная', 'Механик', '6704 607431', '2015-11-09', 'Отделением УФМС России по к. Эльбрус'),
(98, 'Жуков', 'Елизавета', 'Федосьевич', '1969-06-09', 'W', 'Высшее', '+75889489039', 'наземная', 'Специалист ', '0505 696227', '1993-05-17', 'Отделением УФМС России по д. Алексин'),
(99, 'Шашков', 'Глафира', 'Даниловна', '1987-12-22', 'M', 'Высшее', '+78051186689', 'наземная', 'Оператор ра', '4370 165556', '2012-03-08', 'Отделением УФМС России по клх Шамары'),
(100, 'Кабанова', 'Влас', 'Арсенович', '1999-08-07', 'M', 'Среднее', '+73215364026', 'обслуживания', 'Техник-меха', '4065 231654', '2018-12-18', 'Отделением УФМС России по г. Морозовск');

--
-- Триггеры `employees`
--
DROP TRIGGER IF EXISTS `CheckPassport`;
DELIMITER //
CREATE TRIGGER `CheckPassport` BEFORE INSERT ON `employees`
 FOR EACH ROW IF (NEW.passport IN (SELECT passport FROM employees)) THEN
    SIGNAL SQLSTATE '45000' SET MESSAGE_TEXT = 'На складе нет столько позиций';
END IF
//
DELIMITER ;

-- --------------------------------------------------------

--
-- Структура таблицы `flight_control`
--

CREATE TABLE IF NOT EXISTS `flight_control` (
  `id` int(11) NOT NULL AUTO_INCREMENT,
  `id_schedule` int(11) NOT NULL,
  `real_time_dpt` time NOT NULL,
  `date_dpt` date NOT NULL,
  `employee_ground` int(11) NOT NULL COMMENT 'Сотрудник наземной службы',
  `employee_service` int(11) NOT NULL COMMENT 'Сотрудник службы обслуживания',
  `delta_t` int(11) NOT NULL COMMENT 'в секундах',
  PRIMARY KEY (`id`),
  KEY `id_schedule` (`id_schedule`),
  KEY `employee_ground` (`employee_ground`),
  KEY `employee_service` (`employee_service`),
  KEY `employee_ground_2` (`employee_ground`)
) ENGINE=InnoDB  DEFAULT CHARSET=utf8 AUTO_INCREMENT=348 ;

--
-- СВЯЗИ ТАБЛИЦЫ `flight_control`:
--   `id_schedule`
--       `schedule` -> `id`
--   `employee_ground`
--       `employees` -> `pers_num`
--   `employee_service`
--       `employees` -> `pers_num`
--

--
-- Дамп данных таблицы `flight_control`
--

INSERT INTO `flight_control` (`id`, `id_schedule`, `real_time_dpt`, `date_dpt`, `employee_ground`, `employee_service`, `delta_t`) VALUES
(1, 1, '18:32:00', '2021-12-28', 35, 10, 0),
(2, 1, '18:32:00', '2021-12-08', 60, 25, 0),
(3, 1, '18:32:00', '2020-11-29', 96, 16, 0),
(4, 2, '17:05:00', '2020-07-27', 3, 30, 0),
(5, 2, '17:05:00', '2024-02-07', 79, 30, 0),
(6, 2, '21:05:05', '2021-04-24', 11, 34, 14405),
(7, 3, '12:36:00', '2023-02-01', 56, 36, 0),
(8, 3, '12:36:00', '2020-12-24', 65, 71, 0),
(9, 3, '12:36:00', '2024-02-16', 43, 30, 0),
(10, 4, '14:58:00', '2020-01-20', 32, 19, 0),
(11, 4, '16:18:22', '2024-08-13', 82, 66, 4822),
(12, 4, '14:58:00', '2022-11-09', 56, 80, 0),
(13, 4, '16:24:08', '2023-01-21', 79, 87, 5168),
(14, 5, '12:16:00', '2022-01-08', 15, 34, 0),
(15, 6, '22:28:00', '2021-05-01', 5, 34, 0),
(16, 7, '01:12:00', '2021-01-18', 43, 25, 0),
(17, 7, '01:12:00', '2020-07-11', 82, 34, 0),
(18, 7, '01:12:00', '2022-01-02', 82, 37, 0),
(19, 8, '13:44:00', '2022-03-21', 11, 59, 0),
(20, 8, '13:44:00', '2022-08-17', 79, 40, 0),
(21, 8, '23:58:22', '2021-02-11', 82, 36, 36862),
(22, 9, '06:48:00', '2021-09-24', 75, 53, 0),
(23, 9, '06:48:00', '2022-06-26', 79, 26, 0),
(24, 10, '23:34:00', '2020-02-10', 99, 58, 0),
(25, 10, '02:07:30', '2020-08-25', 88, 39, 9210),
(26, 10, '23:34:00', '2022-11-17', 11, 92, 0),
(27, 10, '05:16:43', '2020-06-06', 32, 84, 20563),
(28, 11, '02:55:23', '2022-12-19', 5, 30, 19823),
(29, 11, '21:25:00', '2022-12-13', 56, 26, 0),
(30, 11, '21:25:00', '2024-08-07', 91, 16, 0),
(31, 11, '21:25:00', '2023-10-19', 98, 84, 0),
(32, 11, '07:04:54', '2023-06-11', 82, 76, 34794),
(33, 12, '12:59:00', '2020-01-13', 99, 84, 0),
(34, 12, '12:59:00', '2020-01-21', 11, 34, 0),
(35, 12, '12:59:00', '2021-03-24', 73, 34, 0),
(36, 12, '12:59:00', '2023-10-19', 3, 39, 0),
(37, 13, '05:05:00', '2023-07-10', 82, 40, 0),
(38, 13, '05:05:00', '2024-05-21', 32, 19, 0),
(39, 13, '06:19:36', '2021-05-19', 43, 87, 4476),
(40, 13, '10:38:45', '2024-12-14', 11, 87, 20025),
(41, 13, '05:05:00', '2021-12-12', 43, 85, 0),
(42, 14, '01:15:00', '2021-04-12', 52, 59, 0),
(43, 14, '01:15:00', '2022-11-29', 15, 34, 0),
(44, 14, '01:15:00', '2020-10-07', 56, 39, 0),
(45, 14, '01:15:00', '2020-01-24', 60, 28, 0),
(46, 14, '01:15:00', '2024-02-25', 99, 71, 0),
(47, 15, '19:58:00', '2021-09-07', 3, 59, 0),
(48, 15, '19:58:00', '2022-06-15', 75, 26, 0),
(49, 15, '21:27:08', '2024-02-16', 79, 36, 5348),
(50, 16, '14:53:00', '2024-07-08', 20, 26, 0),
(51, 16, '14:53:00', '2024-06-18', 99, 28, 0),
(52, 16, '14:53:00', '2022-10-06', 82, 26, 0),
(53, 16, '14:53:00', '2021-07-16', 11, 85, 0),
(54, 16, '14:53:00', '2021-11-06', 82, 87, 0),
(55, 17, '18:54:00', '2024-04-01', 91, 19, 0),
(56, 17, '18:54:00', '2022-12-06', 20, 58, 0),
(57, 17, '18:54:00', '2023-08-10', 11, 16, 0),
(58, 17, '18:54:00', '2021-10-16', 60, 53, 0),
(59, 17, '18:54:00', '2023-04-16', 3, 16, 0),
(60, 18, '17:07:43', '2021-01-18', 79, 6, 13783),
(61, 18, '20:08:45', '2021-11-23', 65, 66, 24645),
(62, 18, '13:18:00', '2022-04-21', 3, 30, 0),
(63, 18, '15:28:37', '2022-02-05', 5, 25, 7837),
(64, 19, '06:58:53', '2024-07-29', 15, 80, 4193),
(65, 19, '10:08:00', '2022-06-23', 98, 2, 15540),
(66, 19, '05:49:00', '2022-03-20', 98, 72, 0),
(67, 20, '03:52:00', '2020-12-07', 15, 39, 0),
(68, 20, '03:52:00', '2020-06-24', 8, 87, 0),
(69, 20, '07:38:39', '2024-03-07', 43, 2, 13599),
(70, 20, '03:52:00', '2022-12-09', 5, 76, 0),
(71, 20, '12:34:03', '2022-10-29', 65, 26, 31323),
(72, 20, '03:52:00', '2024-04-07', 79, 6, 0),
(73, 21, '11:19:00', '2023-11-02', 8, 16, 0),
(74, 21, '11:19:00', '2024-12-20', 65, 92, 0),
(75, 22, '11:35:00', '2023-01-16', 56, 10, 0),
(76, 22, '11:35:00', '2020-02-04', 65, 71, 0),
(77, 22, '11:35:00', '2023-11-29', 75, 10, 0),
(78, 22, '11:35:00', '2021-07-24', 35, 25, 0),
(79, 22, '11:35:00', '2021-02-28', 79, 25, 0),
(80, 23, '16:34:08', '2023-07-24', 52, 36, 21428),
(81, 23, '11:56:15', '2022-06-07', 8, 16, 4755),
(82, 23, '10:37:00', '2023-03-22', 64, 84, 0),
(83, 23, '20:44:59', '2021-01-29', 82, 80, 36479),
(84, 23, '10:37:00', '2020-03-08', 73, 16, 0),
(85, 24, '12:50:43', '2024-03-14', 5, 66, 12223),
(86, 24, '09:27:00', '2020-03-14', 35, 84, 0),
(87, 25, '02:22:00', '2020-10-05', 52, 58, 0),
(88, 25, '02:22:00', '2020-12-30', 99, 19, 0),
(89, 25, '02:50:07', '2023-08-19', 11, 6, 1687),
(90, 25, '02:22:00', '2020-04-26', 8, 10, 0),
(91, 26, '01:19:07', '2023-12-18', 82, 84, 23467),
(92, 26, '18:48:00', '2023-04-25', 52, 53, 0),
(93, 26, '00:48:39', '2024-06-13', 79, 26, 21639),
(94, 27, '20:58:55', '2024-10-21', 5, 53, 11155),
(95, 27, '17:53:00', '2022-06-14', 64, 34, 0),
(96, 27, '17:53:00', '2022-09-07', 20, 66, 0),
(97, 27, '22:59:15', '2024-05-23', 65, 76, 18375),
(98, 27, '00:25:48', '2024-05-26', 64, 59, 23568),
(99, 28, '00:00:00', '2020-04-20', 82, 84, 0),
(100, 28, '00:00:00', '2020-11-10', 20, 66, 0),
(101, 28, '00:00:00', '2024-08-08', 73, 19, 0),
(102, 28, '05:47:44', '2021-11-07', 38, 87, 20864),
(103, 29, '16:31:47', '2021-10-18', 88, 39, 35207),
(104, 29, '06:45:00', '2020-01-07', 96, 2, 0),
(105, 29, '11:46:41', '2022-08-24', 8, 85, 18101),
(106, 29, '06:45:00', '2021-04-30', 64, 58, 0),
(107, 30, '09:05:57', '2024-01-22', 11, 37, 8217),
(108, 30, '17:33:17', '2021-04-06', 56, 6, 38657),
(109, 30, '06:49:00', '2023-12-27', 65, 87, 0),
(110, 30, '15:16:02', '2024-11-08', 91, 30, 30422),
(111, 31, '23:11:00', '2021-03-08', 91, 40, 0),
(112, 31, '23:11:00', '2022-10-12', 56, 71, 0),
(113, 31, '23:11:00', '2022-11-05', 43, 28, 0),
(114, 31, '23:11:00', '2020-08-16', 79, 16, 0),
(115, 32, '01:45:00', '2020-10-19', 88, 19, 0),
(116, 33, '08:19:16', '2023-01-25', 79, 30, 13876),
(117, 33, '04:28:00', '2023-07-15', 98, 59, 0),
(118, 33, '04:28:00', '2022-02-06', 64, 37, 0),
(119, 34, '03:44:01', '2021-06-07', 64, 76, 7621),
(120, 34, '01:37:00', '2021-11-11', 91, 16, 0),
(121, 34, '06:39:30', '2021-12-17', 11, 76, 18150),
(122, 34, '01:37:00', '2023-04-02', 35, 28, 0),
(123, 35, '17:50:00', '2022-11-15', 38, 26, 0),
(124, 35, '17:50:00', '2022-05-13', 20, 58, 0),
(125, 36, '15:09:16', '2024-10-22', 65, 58, 36796),
(126, 36, '04:56:00', '2023-05-24', 75, 34, 0),
(127, 36, '04:56:00', '2020-10-30', 11, 72, 0),
(128, 36, '04:56:00', '2022-07-24', 82, 19, 0),
(129, 37, '00:49:53', '2020-12-07', 11, 36, 34973),
(130, 37, '15:07:00', '2024-10-09', 64, 25, 0),
(131, 38, '01:59:00', '2022-01-20', 65, 87, 0),
(132, 38, '12:27:26', '2023-06-24', 52, 58, 37706),
(133, 38, '06:16:07', '2023-01-29', 35, 92, 15427),
(134, 39, '20:25:00', '2022-08-29', 91, 72, 0),
(135, 39, '20:25:00', '2021-10-28', 43, 28, 0),
(136, 39, '20:25:00', '2023-08-26', 99, 72, 0),
(137, 40, '17:08:00', '2020-07-27', 96, 66, 0),
(138, 40, '01:27:24', '2021-08-24', 20, 10, 29964),
(139, 40, '17:55:44', '2021-07-10', 56, 37, 2864),
(140, 40, '19:53:22', '2023-07-02', 65, 76, 9922),
(141, 41, '12:55:08', '2023-01-10', 73, 2, 24248),
(142, 42, '11:59:00', '2024-12-18', 5, 72, 0),
(143, 43, '21:05:00', '2021-06-14', 5, 2, 0),
(144, 43, '21:05:00', '2021-02-17', 52, 28, 0),
(145, 44, '01:40:00', '2024-07-22', 98, 16, 0),
(146, 44, '03:47:16', '2023-12-14', 73, 72, 7636),
(147, 44, '01:40:00', '2020-02-29', 43, 2, 0),
(148, 44, '04:33:52', '2023-05-07', 56, 6, 10432),
(149, 45, '14:47:56', '2023-12-04', 96, 6, 11936),
(150, 45, '19:20:52', '2024-05-15', 15, 28, 28312),
(151, 45, '11:29:00', '2022-09-08', 73, 36, 0),
(152, 45, '19:03:29', '2024-06-28', 32, 36, 27269),
(153, 45, '11:29:00', '2021-10-17', 3, 87, 0),
(154, 46, '12:23:00', '2024-05-27', 99, 53, 0),
(155, 46, '16:44:11', '2020-04-16', 64, 58, 15671),
(156, 46, '22:22:52', '2022-10-08', 91, 39, 35992),
(157, 47, '05:13:00', '2022-03-28', 3, 53, 0),
(158, 47, '05:13:00', '2023-02-28', 20, 36, 0),
(159, 47, '11:16:36', '2021-01-06', 88, 2, 21816),
(160, 47, '05:13:00', '2023-05-12', 8, 84, 0),
(161, 47, '05:13:00', '2020-03-01', 52, 71, 0),
(162, 48, '22:44:00', '2022-12-07', 5, 36, 0),
(163, 48, '22:44:00', '2022-03-10', 96, 71, 0),
(164, 48, '22:44:00', '2022-03-06', 5, 76, 0),
(165, 49, '12:44:00', '2021-01-12', 52, 6, 0),
(166, 49, '16:01:30', '2020-11-29', 38, 76, 11850),
(167, 50, '12:18:00', '2022-08-08', 20, 84, 0),
(168, 50, '12:47:58', '2022-11-30', 5, 28, 1798),
(169, 50, '21:30:43', '2021-06-26', 11, 16, 33163),
(170, 51, '00:00:00', '2023-11-06', 65, 2, 0),
(171, 51, '08:38:16', '2020-06-03', 15, 30, 31096),
(172, 51, '00:00:00', '2023-09-15', 35, 53, 0),
(173, 51, '00:00:00', '2024-09-21', 88, 30, 0),
(174, 52, '10:28:00', '2022-02-08', 43, 37, 0),
(175, 52, '10:28:00', '2023-09-29', 5, 53, 0),
(176, 52, '10:28:00', '2023-08-12', 20, 19, 0),
(177, 53, '22:47:33', '2021-11-30', 60, 16, 24813),
(178, 53, '15:54:00', '2020-08-07', 96, 16, 0),
(179, 53, '15:54:00', '2021-02-27', 99, 39, 0),
(180, 54, '17:42:00', '2021-03-03', 43, 40, 0),
(181, 54, '17:42:00', '2020-07-17', 56, 37, 0),
(182, 54, '17:42:00', '2020-12-20', 75, 34, 0),
(183, 55, '21:26:00', '2021-12-14', 65, 72, 0),
(184, 55, '01:16:07', '2023-08-09', 43, 71, 13807),
(185, 55, '21:26:00', '2022-12-11', 8, 6, 0),
(186, 56, '12:16:00', '2022-04-25', 75, 84, 0),
(187, 56, '18:05:37', '2021-10-26', 35, 2, 20977),
(188, 56, '13:45:34', '2021-09-30', 88, 25, 5374),
(189, 56, '17:58:36', '2022-07-09', 3, 2, 20556),
(190, 57, '09:28:00', '2020-10-27', 38, 10, 0),
(191, 57, '09:28:00', '2024-07-10', 35, 66, 0),
(192, 57, '09:28:00', '2021-01-23', 99, 80, 0),
(193, 58, '07:34:00', '2023-03-22', 11, 53, 0),
(194, 58, '07:34:00', '2024-11-21', 99, 39, 0),
(195, 58, '07:34:00', '2023-10-20', 79, 53, 0),
(196, 58, '07:45:53', '2023-06-17', 60, 37, 713),
(197, 59, '04:44:41', '2024-07-09', 8, 10, 29861),
(198, 59, '20:27:00', '2023-09-20', 3, 34, 0),
(199, 59, '20:27:00', '2023-07-06', 98, 16, 0),
(200, 59, '20:27:00', '2021-01-17', 79, 10, 0),
(201, 60, '22:46:00', '2022-06-27', 35, 58, 0),
(202, 60, '22:46:00', '2021-02-16', 98, 76, 0),
(203, 60, '22:46:00', '2022-05-25', 96, 87, 0),
(204, 60, '22:46:00', '2020-10-08', 5, 36, 0),
(205, 60, '22:46:00', '2021-09-10', 82, 36, 0),
(206, 60, '22:46:00', '2020-12-05', 99, 80, 0),
(207, 60, '22:46:00', '2021-12-26', 73, 87, 0),
(208, 61, '07:14:00', '2020-04-21', 75, 26, 0),
(209, 61, '10:30:10', '2024-01-31', 65, 28, 11770),
(210, 61, '07:14:00', '2020-03-05', 35, 34, 0),
(211, 61, '07:14:00', '2024-01-27', 73, 25, 0),
(212, 62, '06:16:00', '2023-12-25', 82, 87, 0),
(213, 62, '14:27:46', '2021-06-29', 60, 87, 29506),
(214, 62, '06:16:00', '2020-10-16', 56, 26, 0),
(215, 62, '06:16:00', '2023-03-05', 91, 58, 0),
(216, 63, '22:29:00', '2024-02-19', 73, 2, 0),
(217, 63, '00:13:55', '2023-03-17', 5, 66, 6295),
(218, 63, '22:29:00', '2023-12-24', 3, 84, 0),
(219, 64, '08:58:41', '2024-04-11', 73, 39, 36281),
(220, 64, '06:32:46', '2021-04-24', 60, 84, 27526),
(221, 65, '08:17:08', '2020-09-28', 73, 92, 39488),
(222, 65, '23:50:01', '2022-06-15', 15, 72, 9061),
(223, 65, '21:19:00', '2024-04-20', 60, 2, 0),
(224, 66, '22:55:00', '2021-02-08', 64, 28, 0),
(225, 66, '08:45:23', '2021-03-30', 79, 87, 35423),
(226, 66, '23:35:19', '2021-10-15', 99, 84, 2419),
(227, 66, '05:20:32', '2024-06-08', 20, 36, 23132),
(228, 66, '22:55:00', '2024-11-10', 75, 66, 0),
(229, 67, '05:35:00', '2024-09-23', 96, 76, 0),
(230, 67, '10:30:11', '2023-05-25', 32, 37, 17711),
(231, 67, '05:35:00', '2024-08-17', 88, 85, 0),
(232, 67, '05:35:00', '2021-05-16', 11, 2, 0),
(233, 68, '11:30:00', '2022-11-22', 96, 26, 0),
(234, 68, '11:30:00', '2023-01-05', 98, 53, 0),
(235, 68, '11:30:00', '2024-03-01', 38, 39, 0),
(236, 68, '11:30:00', '2020-09-12', 75, 25, 0),
(237, 68, '11:30:00', '2022-04-24', 32, 16, 0),
(238, 69, '05:51:00', '2022-04-29', 8, 26, 0),
(239, 69, '05:51:00', '2020-11-28', 88, 25, 0),
(240, 69, '05:51:00', '2020-06-28', 96, 76, 0),
(241, 70, '02:24:00', '2020-08-17', 60, 30, 0),
(242, 70, '02:24:00', '2024-06-19', 43, 80, 0),
(243, 70, '11:44:04', '2022-09-15', 8, 40, 33604),
(244, 70, '02:24:00', '2021-09-24', 75, 6, 0),
(245, 70, '07:39:52', '2023-01-14', 56, 2, 18952),
(246, 70, '02:24:00', '2022-07-10', 98, 85, 0),
(247, 71, '17:40:00', '2023-12-10', 99, 10, 0),
(248, 72, '13:07:00', '2024-03-11', 75, 84, 0),
(249, 72, '13:07:00', '2021-06-09', 60, 19, 0),
(250, 72, '13:07:00', '2021-11-18', 60, 26, 0),
(251, 72, '13:07:00', '2020-11-13', 20, 16, 0),
(252, 72, '23:15:13', '2024-10-27', 88, 2, 36493),
(253, 73, '13:41:00', '2022-01-13', 75, 40, 0),
(254, 74, '22:54:00', '2024-06-25', 98, 28, 0),
(255, 74, '22:54:00', '2023-10-14', 98, 84, 0),
(256, 75, '15:11:57', '2024-06-10', 8, 26, 597),
(257, 75, '22:18:17', '2024-11-13', 98, 36, 26177),
(258, 75, '15:02:00', '2024-02-01', 82, 19, 0),
(259, 75, '18:04:28', '2021-11-27', 32, 80, 10948),
(260, 76, '18:26:06', '2023-11-14', 43, 92, 19626),
(261, 76, '12:59:00', '2023-09-14', 32, 72, 0),
(262, 76, '12:59:00', '2021-02-20', 20, 84, 0),
(263, 77, '19:09:33', '2021-12-28', 43, 30, 21633),
(264, 77, '13:09:00', '2022-06-01', 73, 80, 0),
(265, 77, '23:47:48', '2020-09-03', 20, 6, 38328),
(266, 77, '13:09:00', '2023-11-25', 56, 40, 0),
(267, 77, '13:13:39', '2022-10-23', 82, 10, 279),
(268, 78, '11:03:00', '2022-09-14', 98, 59, 0),
(269, 78, '11:03:00', '2024-10-25', 43, 53, 0),
(270, 78, '11:03:00', '2021-08-22', 75, 37, 0),
(271, 79, '23:07:00', '2024-10-21', 20, 16, 0),
(272, 79, '23:07:00', '2021-06-29', 99, 34, 0),
(273, 79, '23:07:00', '2021-05-12', 52, 72, 0),
(274, 79, '23:07:00', '2024-07-18', 75, 87, 0),
(275, 79, '23:07:00', '2022-12-17', 20, 66, 0),
(276, 80, '02:45:00', '2024-04-01', 91, 71, 0),
(277, 80, '02:45:00', '2020-02-20', 65, 39, 0),
(278, 80, '02:45:00', '2022-05-08', 65, 30, 0),
(279, 81, '01:05:04', '2023-11-27', 5, 2, 38704),
(280, 81, '19:18:37', '2020-10-02', 60, 58, 17917),
(281, 81, '14:20:00', '2024-12-22', 60, 6, 0),
(282, 82, '01:00:12', '2024-01-22', 91, 36, 5832),
(283, 82, '23:23:00', '2021-11-17', 5, 30, 0),
(284, 82, '23:23:00', '2020-03-13', 60, 76, 0),
(285, 82, '23:23:00', '2024-08-24', 38, 28, 0),
(286, 83, '03:02:00', '2023-06-20', 35, 92, 0),
(287, 83, '03:02:00', '2024-04-25', 91, 59, 0),
(288, 83, '03:02:00', '2024-03-08', 64, 92, 0),
(289, 83, '03:02:00', '2020-12-05', 65, 26, 0),
(290, 84, '11:40:00', '2023-01-02', 88, 39, 0),
(291, 84, '11:40:00', '2024-01-11', 8, 87, 0),
(292, 84, '20:20:06', '2020-09-19', 20, 72, 31206),
(293, 85, '22:03:00', '2020-04-06', 3, 40, 0),
(294, 85, '22:17:01', '2024-08-28', 99, 58, 841),
(295, 85, '23:33:17', '2022-02-17', 15, 92, 5417),
(296, 85, '22:03:00', '2022-12-24', 20, 30, 0),
(297, 85, '22:03:00', '2021-02-14', 79, 59, 0),
(298, 86, '15:09:51', '2024-07-29', 75, 58, 37611),
(299, 86, '09:01:27', '2023-07-11', 96, 19, 15507),
(300, 86, '04:43:00', '2022-03-09', 65, 26, 0),
(301, 86, '04:43:00', '2021-02-27', 91, 16, 0),
(302, 87, '13:06:00', '2020-01-01', 43, 92, 0),
(303, 88, '01:06:00', '2021-08-24', 43, 71, 0),
(304, 88, '01:06:00', '2020-08-12', 5, 85, 0),
(305, 88, '01:06:00', '2023-08-18', 20, 80, 0),
(306, 88, '08:21:49', '2020-10-25', 96, 37, 26149),
(307, 89, '20:44:00', '2023-07-05', 91, 28, 0),
(308, 89, '20:44:00', '2022-06-23', 73, 10, 0),
(309, 89, '01:50:51', '2022-08-26', 5, 59, 18411),
(310, 89, '20:44:00', '2020-12-05', 99, 28, 0),
(311, 89, '21:16:19', '2023-01-08', 11, 39, 1939),
(312, 90, '05:39:00', '2023-10-17', 52, 58, 0),
(313, 90, '05:39:00', '2023-08-30', 91, 76, 0),
(314, 90, '05:39:00', '2022-02-06', 20, 92, 0),
(315, 91, '20:16:00', '2021-04-12', 64, 6, 0),
(316, 91, '20:16:00', '2023-02-16', 60, 2, 0),
(317, 91, '22:04:16', '2024-02-23', 88, 37, 6496),
(318, 91, '20:16:00', '2021-02-27', 60, 10, 0),
(319, 92, '01:37:00', '2024-10-17', 64, 76, 0),
(320, 92, '01:37:00', '2022-06-04', 15, 37, 0),
(321, 92, '01:37:00', '2024-06-09', 15, 10, 0),
(322, 93, '02:15:00', '2024-05-14', 11, 40, 0),
(323, 93, '04:30:33', '2023-02-08', 5, 19, 8133),
(324, 93, '02:15:00', '2024-07-13', 20, 72, 0),
(325, 93, '02:15:00', '2020-04-12', 65, 58, 0),
(326, 94, '22:45:00', '2020-02-17', 73, 87, 0),
(327, 94, '01:39:05', '2023-05-27', 5, 6, 10445),
(328, 94, '22:45:00', '2020-12-06', 99, 92, 0),
(329, 95, '18:21:00', '2021-09-13', 15, 30, 0),
(330, 95, '23:51:18', '2023-09-20', 96, 72, 19818),
(331, 96, '13:49:37', '2023-04-27', 64, 10, 39337),
(332, 96, '02:54:00', '2020-06-12', 3, 25, 0),
(333, 97, '06:07:00', '2023-07-28', 32, 37, 0),
(334, 98, '14:45:00', '2020-03-16', 43, 26, 0),
(335, 98, '14:45:00', '2022-05-06', 8, 87, 0),
(336, 98, '20:26:55', '2023-08-05', 79, 30, 20515),
(337, 98, '14:45:00', '2022-11-27', 88, 59, 0),
(338, 99, '02:18:00', '2021-07-21', 43, 30, 0),
(339, 99, '02:18:00', '2020-11-19', 88, 26, 0),
(340, 99, '05:47:03', '2021-02-26', 11, 2, 12543),
(341, 99, '02:18:00', '2023-07-08', 75, 84, 0),
(342, 99, '02:18:00', '2024-07-07', 99, 34, 0),
(343, 100, '19:03:22', '2022-09-26', 65, 37, 7222),
(344, 100, '17:03:00', '2020-05-12', 79, 26, 0),
(345, 100, '17:03:00', '2022-07-20', 99, 6, 0),
(346, 100, '17:03:00', '2020-06-25', 38, 59, 0),
(347, 100, '17:52:36', '2023-03-11', 8, 76, 2976);

-- --------------------------------------------------------

--
-- Структура таблицы `schedule`
--

CREATE TABLE IF NOT EXISTS `schedule` (
  `id` int(11) NOT NULL AUTO_INCREMENT,
  `num_flights` varchar(10) NOT NULL,
  `dest_air_code` varchar(3) NOT NULL,
  `airline` int(11) NOT NULL,
  `time_dep` time NOT NULL,
  `time_arr` time NOT NULL,
  `days_surgery` varchar(7) NOT NULL,
  PRIMARY KEY (`id`),
  KEY `dest_air_code` (`dest_air_code`),
  KEY `airline` (`airline`),
  KEY `airline_2` (`airline`)
) ENGINE=InnoDB  DEFAULT CHARSET=utf8 AUTO_INCREMENT=101 ;

--
-- СВЯЗИ ТАБЛИЦЫ `schedule`:
--   `airline`
--       `airlines` -> `id`
--   `dest_air_code`
--       `airport_ref` -> `air_code`
--

--
-- Дамп данных таблицы `schedule`
--

INSERT INTO `schedule` (`id`, `num_flights`, `dest_air_code`, `airline`, `time_dep`, `time_arr`, `days_surgery`) VALUES
(1, '1', 'ROV', 3, '18:32:00', '09:18:00', '.23...7'),
(2, '2', 'KRR', 4, '17:05:00', '09:30:00', '1.3..6.'),
(3, '3', 'KRR', 4, '12:36:00', '23:15:00', '..345..'),
(4, '4', 'AAQ', 2, '14:58:00', '07:34:00', '123..6.'),
(5, '5', 'VOG', 4, '12:16:00', '12:30:00', '.....6.'),
(6, '6', 'GDX', 4, '22:28:00', '14:12:00', '.....6.'),
(7, '7', 'GRV', 4, '01:12:00', '05:24:00', '1....67'),
(8, '8', 'ZIA', 1, '13:44:00', '23:37:00', '1.34...'),
(9, '9', 'KGD', 3, '06:48:00', '23:31:00', '....5.7'),
(10, '10', 'VOG', 4, '23:34:00', '18:07:00', '12.4.6.'),
(11, '11', 'ABA', 3, '21:25:00', '11:45:00', '1234..7'),
(12, '12', 'ZIA', 2, '12:59:00', '17:28:00', '1234...'),
(13, '13', 'SVO', 1, '05:05:00', '15:39:00', '123..67'),
(14, '14', 'VKO', 1, '01:15:00', '07:20:00', '123.5.7'),
(15, '15', 'KGD', 2, '19:58:00', '17:56:00', '.23.5..'),
(16, '16', 'ROV', 2, '14:53:00', '01:50:00', '12.456.'),
(17, '17', 'AAQ', 3, '18:54:00', '10:05:00', '12.4.67'),
(18, '18', 'BZK', 2, '13:18:00', '14:40:00', '12.4.6.'),
(19, '19', 'ABA', 3, '05:49:00', '22:08:00', '1..4..7'),
(20, '20', 'BZK', 3, '03:52:00', '11:10:00', '1.34567'),
(21, '21', 'GDX', 1, '11:19:00', '08:06:00', '...45..'),
(22, '22', 'VKO', 3, '11:35:00', '18:25:00', '123..67'),
(23, '23', 'GDX', 2, '10:37:00', '19:10:00', '123.5.7'),
(24, '24', 'AAQ', 3, '09:27:00', '02:27:00', '...4.6.'),
(25, '25', 'ZIA', 3, '02:22:00', '05:12:00', '1.3..67'),
(26, '26', 'ROV', 1, '18:48:00', '02:10:00', '12.4...'),
(27, '27', 'ROV', 1, '17:53:00', '22:12:00', '1234..7'),
(28, '28', 'BZK', 4, '00:00:00', '23:33:00', '12.4..7'),
(29, '29', 'ABA', 2, '06:45:00', '23:22:00', '123.5..'),
(30, '30', 'ABA', 4, '06:49:00', '02:18:00', '123.5..'),
(31, '31', 'ROV', 2, '23:11:00', '07:39:00', '1.3..67'),
(32, '32', 'VKO', 3, '01:45:00', '06:11:00', '1......'),
(33, '33', 'AAQ', 3, '04:28:00', '20:49:00', '..3..67'),
(34, '34', 'VKO', 3, '01:37:00', '01:21:00', '1..45.7'),
(35, '35', 'ROV', 4, '17:50:00', '06:32:00', '.2..5..'),
(36, '36', 'GDX', 4, '04:56:00', '07:24:00', '.23.5.7'),
(37, '37', 'ROV', 3, '15:07:00', '18:36:00', '1.3....'),
(38, '38', 'BZK', 4, '01:59:00', '16:52:00', '...4.67'),
(39, '39', 'KRR', 4, '20:25:00', '11:49:00', '1..4.6.'),
(40, '40', 'VOG', 3, '17:08:00', '22:12:00', '12...67'),
(41, '41', 'KGD', 1, '06:11:00', '17:57:00', '.2.....'),
(42, '42', 'ZIA', 3, '11:59:00', '17:39:00', '..3....'),
(43, '43', 'ABA', 3, '21:05:00', '05:33:00', '1.3....'),
(44, '44', 'ROV', 4, '01:40:00', '20:08:00', '1..4.67'),
(45, '45', 'VKO', 4, '11:29:00', '05:20:00', '1.345.7'),
(46, '46', 'GRV', 2, '12:23:00', '22:15:00', '1..4.6.'),
(47, '47', 'ROV', 1, '05:13:00', '10:02:00', '123.5.7'),
(48, '48', 'KGD', 1, '22:44:00', '06:42:00', '..34..7'),
(49, '49', 'ABA', 2, '12:44:00', '16:15:00', '.2....7'),
(50, '50', 'VOG', 2, '12:18:00', '17:34:00', '1.3..6.'),
(51, '51', 'VKO', 1, '00:00:00', '11:46:00', '1.3.56.'),
(52, '52', 'AAQ', 4, '10:28:00', '22:20:00', '.2..56.'),
(53, '53', 'ABA', 4, '15:54:00', '22:23:00', '.2..56.'),
(54, '54', 'VKO', 2, '17:42:00', '09:46:00', '..3.5.7'),
(55, '55', 'ABA', 4, '21:26:00', '08:27:00', '.23...7'),
(56, '56', 'GRV', 1, '12:16:00', '15:52:00', '12.4.6.'),
(57, '57', 'VOG', 2, '09:28:00', '23:42:00', '.23..6.'),
(58, '58', 'ROV', 3, '07:34:00', '17:14:00', '..3456.'),
(59, '59', 'VOG', 3, '20:27:00', '22:30:00', '.234..7'),
(60, '60', 'ROV', 3, '22:46:00', '19:35:00', '1234567'),
(61, '61', 'AAQ', 2, '07:14:00', '22:15:00', '.234.6.'),
(62, '62', 'ZIA', 2, '06:16:00', '09:09:00', '12..5.7'),
(63, '63', 'VOG', 1, '22:29:00', '07:43:00', '1...5.7'),
(64, '64', 'KGD', 3, '22:54:00', '23:36:00', '...4.6.'),
(65, '65', 'BZK', 4, '21:19:00', '07:18:00', '1.3..6.'),
(66, '66', 'KRR', 4, '22:55:00', '19:17:00', '12..567'),
(67, '67', 'KGD', 4, '05:35:00', '06:38:00', '1..4.67'),
(68, '68', 'SVO', 1, '11:30:00', '06:49:00', '.2.4567'),
(69, '69', 'GDX', 4, '05:51:00', '12:18:00', '....567'),
(70, '70', 'VOG', 1, '02:24:00', '17:39:00', '1.34567'),
(71, '71', 'KRR', 1, '17:40:00', '04:59:00', '......7'),
(72, '72', 'KRR', 2, '13:07:00', '14:37:00', '1.345.7'),
(73, '73', 'SVO', 3, '13:41:00', '04:02:00', '...4...'),
(74, '74', 'VKO', 4, '22:54:00', '14:46:00', '.2...6.'),
(75, '75', 'KRR', 3, '15:02:00', '03:55:00', '1.34.6.'),
(76, '76', 'BZK', 4, '12:59:00', '15:16:00', '.2.4.6.'),
(77, '77', 'VKO', 1, '13:09:00', '15:22:00', '.234.67'),
(78, '78', 'AAQ', 4, '11:03:00', '16:47:00', '..3.5.7'),
(79, '79', 'SVO', 2, '23:07:00', '13:56:00', '1234.6.'),
(80, '80', 'AAQ', 3, '02:45:00', '15:59:00', '1..4..7'),
(81, '81', 'ROV', 2, '14:20:00', '00:00:00', '1...5.7'),
(82, '82', 'KRR', 2, '23:23:00', '07:14:00', '1.3.56.'),
(83, '83', 'GRV', 3, '03:02:00', '16:39:00', '.2.456.'),
(84, '84', 'AAQ', 1, '11:40:00', '23:29:00', '1..4.6.'),
(85, '85', 'AAQ', 1, '22:03:00', '19:17:00', '1.34.67'),
(86, '86', 'BZK', 3, '04:43:00', '13:37:00', '123..6.'),
(87, '87', 'KRR', 3, '13:06:00', '20:05:00', '..3....'),
(88, '88', 'VOG', 1, '01:06:00', '13:15:00', '.23.5.7'),
(89, '89', 'GDX', 2, '20:44:00', '06:37:00', '..34567'),
(90, '90', 'VOG', 1, '05:39:00', '17:25:00', '.23...7'),
(91, '91', 'ZIA', 2, '20:16:00', '06:11:00', '1..456.'),
(92, '92', 'BZK', 1, '01:37:00', '01:51:00', '...4.67'),
(93, '93', 'ABA', 1, '02:15:00', '15:06:00', '.23..67'),
(94, '94', 'VKO', 1, '22:45:00', '05:59:00', '1....67'),
(95, '95', 'KGD', 3, '18:21:00', '23:55:00', '1.3....'),
(96, '96', 'SVO', 4, '02:54:00', '18:43:00', '...45..'),
(97, '97', 'KGD', 1, '06:07:00', '13:18:00', '....5..'),
(98, '98', 'GRV', 2, '14:45:00', '23:06:00', '1...567'),
(99, '99', 'GDX', 4, '02:18:00', '04:52:00', '..34567'),
(100, '100', 'BZK', 1, '17:03:00', '23:01:00', '1234.6.');

--
-- Триггеры `schedule`
--
DROP TRIGGER IF EXISTS `CheckAirCode`;
DELIMITER //
CREATE TRIGGER `CheckAirCode` BEFORE INSERT ON `schedule`
 FOR EACH ROW IF (NEW.dest_air_code NOT IN (SELECT air_code FROM airport_ref)) THEN
    SIGNAL SQLSTATE '45000';
END IF
//
DELIMITER ;

--
-- Ограничения внешнего ключа сохраненных таблиц
--

--
-- Ограничения внешнего ключа таблицы `delays`
--
ALTER TABLE `delays`
  ADD CONSTRAINT `delays_ibfk_2` FOREIGN KEY (`code_delay`) REFERENCES `delay_ref` (`code_delay`),
  ADD CONSTRAINT `delays_ibfk_3` FOREIGN KEY (`id_flights`) REFERENCES `flight_control` (`id`);

--
-- Ограничения внешнего ключа таблицы `flight_control`
--
ALTER TABLE `flight_control`
  ADD CONSTRAINT `flight_control_ibfk_4` FOREIGN KEY (`id_schedule`) REFERENCES `schedule` (`id`),
  ADD CONSTRAINT `flight_control_ibfk_5` FOREIGN KEY (`employee_ground`) REFERENCES `employees` (`pers_num`),
  ADD CONSTRAINT `flight_control_ibfk_6` FOREIGN KEY (`employee_service`) REFERENCES `employees` (`pers_num`);

--
-- Ограничения внешнего ключа таблицы `schedule`
--
ALTER TABLE `schedule`
  ADD CONSTRAINT `schedule_ibfk_3` FOREIGN KEY (`airline`) REFERENCES `airlines` (`id`),
  ADD CONSTRAINT `schedule_ibfk_4` FOREIGN KEY (`dest_air_code`) REFERENCES `airport_ref` (`air_code`);

/*!40101 SET CHARACTER_SET_CLIENT=@OLD_CHARACTER_SET_CLIENT */;
/*!40101 SET CHARACTER_SET_RESULTS=@OLD_CHARACTER_SET_RESULTS */;
/*!40101 SET COLLATION_CONNECTION=@OLD_COLLATION_CONNECTION */;
